Thoughtbridge,528-05-4973,$6127249.21,3,1.1,Bello
Topicblab,814-87-2312,$5069093.67,5,2.3,Tunja
Ntag,543-87-9363,$2178932.69,2,3.4,Itagui
Youfeed,455-24-2667,$1301239.57,5,2.5,Armenia
Jabberstorm,667-18-0154,$6687913.26,4,2.0,Giron
Kazu,851-77-0807,$5058233.51,4,4.7,Bucaramanga
Twimm,358-50-9651,$1437665.27,4,2.3,Girardot
Zoombox,255-57-0922,$4535824.50,5,5.0,Yopal
Voonyx,785-66-3310,$4977565.32,2,3.1,Roldanillo
Nlounge,359-70-3651,$3231167.34,5,2.5,Giron
Jabbersphere,346-93-0973,$3952121.11,2,3.5,Fusagasuga
Dazzlesphere,488-19-8539,$6771557.61,5,1.4,Envigado
Bubblemix,607-20-0200,$7432767.29,5,2.3,Floridablanca
Topicblab,876-29-0209,$9222971.70,2,4.2,Riohacha
Zoonder,890-47-6304,$2861143.05,3,2.6,Duitama
Babblestorm,246-45-4776,$9003120.59,1,3.3,Envigado
Roombo,650-86-8002,$5992951.27,3,2.4,El Aguila
Browsebug,641-40-1592,$1344493.77,1,4.2,Riohacha
Aibox,714-53-4505,$5149324.85,1,1.3,Puerto Carreño
Skinix,128-46-4100,$5428279.86,3,1.7,Envigado
Edgewire,473-35-1352,$3620815.90,2,2.5,Soledad
Eamia,223-03-4089,$3813655.02,4,1.4,Zipaquira
Skynoodle,604-57-1694,$2189528.52,5,3.0,Leticia
Myworks,485-03-2871,$9167372.44,1,1.2,Puerto Carreño
Skinix,637-35-5494,$1137893.04,3,3.9,Bello
Photobean,712-89-7284,$5528975.66,5,4.2,Roldanillo
Quatz,697-11-2788,$7837029.65,1,4.7,Medellin
Realmix,648-38-4968,$4701904.29,3,4.4,Fusagasuga
Meezzy,216-06-4162,$6995533.95,3,1.6,Barrancabermeja
Fadeo,346-61-9796,$949457.12,3,4.9,Armenia
Eimbee,356-83-3955,$5049699.16,4,4.1,Pasto
Twimm,338-56-7807,$8247550.62,4,4.1,Tulua
JumpXS,194-48-5168,$6515346.30,1,1.5,El Aguila
Camido,481-92-3015,$9604373.05,5,2.0,Fusagasuga
Flashset,303-13-1538,$1758777.05,3,3.8,Duitama
Youspan,819-38-0911,$8051838.59,1,1.2,Bucaramanga
Zoomzone,479-07-1394,$1309604.99,5,2.6,Bellavista
Viva,171-90-8387,$4428585.84,4,2.4,Soacha
Feednation,334-94-7393,$4140929.31,2,1.1,Bello
Skinte,638-43-1370,$9916999.86,5,2.4,Tunja
Zava,782-47-5681,$7838720.91,3,2.2,Barrancabermeja
Lajo,170-31-5610,$6229402.99,4,1.3,Yopal
Gevee,153-92-6110,$1056225.01,3,3.8,Yopal
Skynoodle,325-13-4619,$8813473.07,4,3.0,Bogota
Eabox,685-47-4680,$2987982.85,4,4.3,Barrancabermeja
Rhynyx,265-81-4145,$1858541.43,2,4.7,Popayan
Realpoint,218-99-2565,$8001543.31,5,4.6,Neiva
Mita,614-13-1934,$5055149.96,2,2.4,Bogota
Feedmix,556-86-0139,$5361558.36,4,4.3,Monteria
Kimia,383-07-3487,$8306950.82,5,3.2,Buga
Mynte,420-03-6206,$8080404.64,1,3.1,Tumaco
Leenti,442-78-5070,$6099799.75,5,2.9,Tunja
Ntag,330-40-8514,$9281841.03,1,4.7,Valledupar
Linkbuzz,721-56-1812,$5144980.92,3,4.9,Leticia
Bluezoom,483-95-5787,$463708.65,2,3.0,Leticia
Zava,450-90-8070,$5637651.25,3,2.8,Duitama
Thoughtworks,897-23-5129,$4036834.26,1,2.8,Riohacha
Flipopia,418-87-6212,$8554425.30,1,2.1,El Aguila
Reallinks,238-66-8169,$7105175.76,3,1.0,Buenaventura
Fivespan,439-28-0830,$9456597.04,1,3.7,Manizales
Riffwire,431-77-8093,$5655448.08,2,1.7,Puerto Carreño
Twimbo,560-61-9557,$1787162.85,5,3.1,Yopal
Meeveo,238-65-3371,$4042294.51,1,3.4,Cartagena
Jetwire,556-44-3834,$5435217.10,5,1.6,Puerto Carreño
Yombu,430-09-1118,$8771437.02,3,3.1,Cartagena
Yabox,672-64-1234,$9525687.52,3,2.0,Villavicencio
Dablist,522-17-3926,$4325948.05,4,4.2,Soacha
Youtags,598-90-9162,$3158168.77,4,2.3,Manizales
Ailane,516-68-8342,$9791486.42,3,2.8,Girardot
Oloo,762-51-2880,$3996553.12,3,3.6,Yopal
Innojam,738-37-9184,$7712869.30,1,3.5,Jamundi
Twimbo,488-39-0920,$4292303.78,1,3.0,Jamundi
Zoombeat,125-79-0857,$4029342.79,3,3.5,Tulua
Fadeo,350-94-6949,$981366.76,1,3.0,Florencia
Rooxo,633-53-9191,$2578511.39,5,2.2,Valledupar
Mynte,772-49-3864,$2317861.62,1,2.0,Puerto Carreño
Mybuzz,641-35-3884,$8179273.02,4,1.7,Duitama
Quinu,865-32-0087,$105626.33,4,3.3,Florencia
Aimbu,605-60-9379,$1288505.22,1,3.9,Maicao
Babbleset,784-87-7075,$7477399.24,4,1.5,Giron
Cogibox,329-74-4563,$4352154.88,1,4.6,Barranquilla
Realmix,309-01-7770,$3192633.19,5,4.7,Mocoa
Einti,751-34-0226,$3138802.60,5,4.9,Barrancabermeja
Topicware,287-33-4328,$1819318.59,2,1.9,Barrancabermeja
Voolith,654-17-9108,$9835457.80,1,2.1,Buenaventura
Rooxo,352-23-8465,$4918839.01,5,3.1,Bogota
Wikido,370-57-2845,$8688843.44,3,1.0,Itagui
Aibox,292-60-3166,$4567810.29,3,1.1,Puerto Carreño
Skyble,791-61-1101,$1774688.15,3,1.5,Sincelejo Quibdo
Meevee,115-40-8771,$1840768.25,3,1.2,Ibague
Cogidoo,346-21-1152,$1645533.01,3,2.3,Bellavista
Brightdog,372-19-5233,$9589546.34,4,1.6,Palmira
Skyble,163-66-2930,$9504769.38,1,1.0,Bello
Dynabox,483-83-2982,$8425734.05,2,1.7,Zipaquira
Lazzy,316-68-5157,$7005499.50,2,2.8,Monteria
Riffpedia,586-21-2966,$4990592.99,3,2.6,Santa Marta
Kwinu,467-58-7556,$6615443.32,5,4.4,Mompos
Brainverse,491-86-5886,$1168306.51,4,3.4,Riohacha
Brainverse,370-54-9923,$5432172.56,4,2.6,Puerto Carreño
Twitternation,648-29-2389,$8383812.73,4,2.4,Soacha
Roombo,313-66-1980,$236045.73,5,1.4,Duitama
Twinte,889-76-1694,$9473682.00,3,2.3,Pereira
Dynava,125-80-9518,$1961871.35,4,1.3,Manizales
Izio,719-31-8465,$3224107.62,3,2.0,Mocoa
Zava,757-69-2197,$5927997.86,1,3.6,Bogota
Avaveo,480-05-0104,$777588.98,2,2.4,Barranquilla
Divanoodle,104-46-6124,$4711482.39,4,3.6,Maicao
Edgewire,519-22-9624,$6602925.86,3,2.9,Ipiales
Feedmix,319-35-7423,$815467.81,5,1.5,Giron
Yacero,407-13-1631,$886693.87,3,4.2,Itagui
Devbug,882-94-1912,$3093015.68,2,1.3,Puerto Carreño
Twinder,487-92-5592,$767014.26,2,3.4,Maicao
Wordtune,364-67-3221,$5853793.00,2,4.2,Leticia
Photofeed,522-53-9757,$8713279.56,3,2.1,Itagui
BlogXS,230-17-6431,$6242500.72,1,3.6,Itagui
BlogXS,601-72-6638,$495151.67,1,4.7,Cali
Bubbletube,502-96-4478,$8256794.63,2,3.3,Yumbo
Brightbean,418-12-2514,$5044915.46,5,1.9,Soledad
Jazzy,773-16-1312,$8254025.50,4,4.2,Tunja
Wordware,175-05-2658,$3291228.91,5,4.3,Palmira
Skynoodle,869-43-0627,$3646473.11,1,4.1,Puerto Carreño
Photolist,371-11-8403,$4492705.52,4,3.4,Bucaramanga
Jabberbean,294-35-8015,$5724593.21,3,4.8,Palmira
Voonyx,204-69-4646,$4838715.80,2,4.9,Ipiales
Skinder,189-18-3970,$9902854.17,5,3.4,Cali
Quatz,743-80-6109,$3384334.37,5,3.4,Cartagena
Edgepulse,888-81-4396,$5760109.25,5,2.9,Valledupar
Rhybox,151-19-2443,$6747309.39,1,4.6,Cartagena
Kwinu,452-18-5532,$527665.16,5,4.7,Envigado
Skyvu,119-99-4229,$1894612.52,1,4.8,Buga
Vimbo,205-26-5994,$6757935.14,3,2.3,Cartagena
Flipopia,140-06-3902,$9723798.33,2,3.2,Villavicencio
Photolist,805-99-4635,$8024599.94,4,3.0,Ocaña
Rhybox,241-67-8617,$9284088.50,5,4.3,Cartagena
DabZ,804-11-9960,$7957810.31,3,4.9,Bucaramanga
Feedmix,405-47-6929,$3339240.29,3,1.8,Ipiales
Ailane,710-69-9208,$9450786.86,4,4.7,Pasto
Babbleset,848-37-2642,$6873357.78,2,3.3,Puerto Carreño
Jaxbean,818-56-6551,$6454982.91,4,1.5,Florencia
Youspan,239-57-0687,$1736308.70,3,4.4,Popayan
Shuffledrive,534-23-2989,$2852220.05,3,2.7,Mocoa
Blogtag,862-40-7794,$1227005.46,5,2.7,Bogota
Roombo,501-80-3083,$3999056.55,4,3.6,Armenia
Thoughtbeat,707-02-9173,$5211232.08,5,4.6,Sincelejo Quibdo
Oloo,668-94-7181,$5381443.21,2,3.4,Villavicencio
Tambee,258-99-3063,$5429907.97,3,3.7,Barrancabermeja
Dabtype,561-19-8506,$9577772.66,4,1.4,Sincelejo Quibdo
Zooxo,300-50-9194,$1919919.36,2,2.9,Floridablanca
Photolist,720-53-6282,$5181808.11,2,4.2,Floridablanca
Twinte,471-02-2537,$850547.16,2,2.4,Giron
Dazzlesphere,605-99-7733,$5450383.84,1,2.0,Buenaventura
Jabbercube,615-04-0794,$8636288.69,2,1.6,Villavicencio
Ntag,839-82-9113,$7380895.24,4,2.3,Monteria
Yakidoo,129-65-4203,$6240609.90,4,4.4,Floridablanca
Rhynoodle,647-34-8527,$2435816.67,4,1.6,Riohacha
DabZ,101-90-0401,$8537455.31,4,4.0,Neiva
Eare,777-14-7595,$6534466.21,5,2.1,Zipaquira
Buzzbean,402-81-9166,$4379553.23,3,5.0,Mocoa
Vinte,827-07-3381,$4839196.09,3,4.9,Envigado
Flipstorm,497-69-4479,$3766823.15,5,4.7,Buenaventura
Shufflebeat,165-72-9981,$4157820.53,3,3.2,Barrancabermeja
Roombo,724-26-8733,$2172178.11,2,2.7,Zipaquira
Skinder,266-27-8322,$1578480.55,3,1.7,Popayan
Browsezoom,362-97-2509,$6971092.00,4,2.8,Buenaventura
Tagpad,191-06-3239,$2186571.76,2,1.5,Yumbo
Nlounge,807-45-7533,$2203520.77,1,3.9,Barrancabermeja
Fivechat,175-34-8978,$6392332.57,4,2.5,Neiva
Shuffledrive,485-43-7850,$9442162.20,5,2.2,Giron
Quaxo,323-88-3006,$7259438.80,3,5.0,Barrancabermeja
Fivechat,193-26-3302,$6746729.68,4,3.5,Barranquilla
Gigazoom,592-26-7902,$1684044.02,1,3.8,Buga
Fanoodle,590-74-0924,$9060147.62,1,3.6,Barranquilla
Plajo,528-03-4629,$3434430.21,3,3.7,Itagui
Eimbee,491-53-2750,$3457965.83,3,3.8,Riohacha
Vinte,504-96-5738,$526908.63,2,1.9,Zipaquira
Jabbercube,759-04-5796,$7345045.21,4,4.3,Fusagasuga
Jazzy,303-49-9289,$2435479.15,4,1.5,Ibague
Roodel,451-42-1686,$8300397.99,3,1.9,Tunja
Oloo,719-08-8155,$2597635.08,2,2.1,Itagui
Skipstorm,477-08-0868,$6331916.56,3,4.9,Mompos
Gigabox,838-79-1983,$9472116.27,4,3.0,Pereira
Riffpath,604-66-0834,$9169285.56,5,4.1,Mompos
Vipe,640-38-2676,$4123259.48,2,2.0,El Aguila
Skyndu,299-59-9839,$8849550.00,2,1.3,Jamundi
Meevee,469-41-5594,$8650376.92,4,2.9,Mompos
Tavu,739-45-0982,$463226.53,3,2.9,Santa Marta
Skajo,153-44-4746,$6810294.64,2,3.9,Mocoa
Flipbug,297-63-5510,$1090052.50,2,2.7,El Aguila
Wikibox,427-92-9238,$7383338.63,3,3.5,Armenia
Roomm,663-22-2108,$9292789.80,3,3.1,El Aguila
Yoveo,376-56-8939,$7320922.66,2,2.5,Soacha
Riffpath,182-19-9650,$5865277.97,2,5.0,Bucaramanga
Quatz,278-35-5955,$1771484.83,3,4.2,Tumaco
Eidel,372-58-4701,$4793491.17,4,2.1,Tunja
Oba,152-77-0147,$6664456.66,3,4.4,Bucaramanga
Divavu,430-40-5092,$3630550.46,1,2.0,Monteria
Twitterbeat,126-92-7754,$9446064.40,2,4.5,Ocaña
Fiveclub,429-67-5750,$2024938.29,2,3.8,Fusagasuga
Jaloo,440-54-7969,$9230857.42,2,1.5,Neiva
Nlounge,671-02-9235,$2193633.89,1,1.3,Floridablanca
Yotz,223-56-8471,$3290549.23,4,1.2,Yumbo
Wikizz,114-36-8342,$346879.59,4,4.6,Barranquilla
Jabbersphere,159-88-0447,$6358920.56,5,3.0,El Aguila
Roomm,362-69-5940,$7149317.25,1,4.5,Cucuta
Voomm,160-71-0476,$3867257.80,1,1.1,Soacha
Feedspan,882-02-4101,$8560311.41,1,3.1,Giron
Skajo,349-82-5481,$7427554.29,1,2.0,Palmira
Flipbug,398-87-2324,$6222644.21,4,2.6,Girardot
Linktype,263-23-4094,$3776011.95,3,1.2,Girardot
Divanoodle,534-50-1261,$4959292.94,2,2.6,El Aguila
Oyonder,417-02-9721,$4966648.48,5,2.0,Fusagasuga
Browsetype,431-49-4242,$374096.11,3,1.6,Roldanillo
Flashspan,461-36-3297,$717466.10,4,1.7,Buga
Yamia,302-73-1575,$6870196.28,4,1.4,Girardot
Bubblebox,808-84-0923,$8569416.05,5,4.4,Neiva
Oyonder,556-63-6062,$5874860.76,3,3.6,Girardot
DabZ,120-51-1771,$2841585.42,5,4.6,Giron
Dynava,573-61-1132,$7419989.69,5,1.6,Sincelejo Quibdo
Livepath,452-86-2280,$7355783.24,4,4.5,Jamundi
Voomm,163-85-0621,$1891902.89,5,1.5,Pereira
Tekfly,463-35-9008,$702053.08,1,1.1,Tumaco
Babbleblab,549-46-6619,$4578806.97,5,4.4,Soacha
Dynabox,567-95-1022,$1605515.50,3,4.7,Yopal
Jetwire,209-81-1325,$4388658.84,4,3.6,Envigado
Snaptags,470-85-2489,$8564978.55,4,2.4,Popayan
Thoughtbridge,158-05-2203,$7815274.84,5,2.7,Leticia
Lazz,638-52-6913,$702016.08,5,3.8,Giron
Skipfire,620-97-0541,$6374200.84,1,4.9,Floridablanca
Oyope,344-67-3062,$5054024.52,5,3.3,Ocaña
Wikibox,422-59-5868,$5721649.96,2,4.0,Sincelejo Quibdo
Feedbug,879-03-1428,$9082057.00,2,1.7,Valledupar
Wordtune,725-27-2469,$8932232.58,2,2.9,Roldanillo
Realpoint,846-65-6563,$6524062.93,5,1.0,Riohacha
Twitterwire,818-66-7709,$8261651.85,3,1.7,Ipiales
Skipstorm,641-05-4483,$5603490.82,5,3.9,Itagui
Quire,375-08-0610,$8545310.06,3,2.8,Barrancabermeja
Brainsphere,871-36-5483,$8260949.40,3,2.1,Tumaco
Quimba,414-67-4819,$2155976.06,3,4.3,Floridablanca
Brainbox,547-49-8605,$9748888.61,2,4.7,Valledupar
Yamia,499-19-0101,$2988403.63,2,1.2,Riohacha
Tagfeed,898-61-8446,$2564382.45,5,2.4,Cucuta
Topicstorm,660-55-6809,$1711228.71,2,1.7,Floridablanca
Browseblab,830-67-1962,$6539819.35,2,1.7,Girardot
Skivee,276-10-6499,$8179933.81,5,3.8,Palmira
Trudeo,454-12-5336,$9512609.60,5,4.5,Tunja
Midel,141-66-5091,$7196223.17,3,2.4,Fusagasuga
Zooveo,200-70-5274,$4741227.50,2,4.7,Manizales
Oodoo,464-57-5425,$8691743.18,1,4.2,Duitama
Kazio,597-97-8540,$2097954.35,1,3.7,Bogota
Devcast,190-12-8722,$3499085.53,4,2.4,Buenaventura
Skaboo,395-97-2443,$2676645.66,4,3.0,Zipaquira
Flashpoint,642-81-8652,$4102015.01,4,2.1,Floridablanca
Gabvine,224-21-4197,$6666209.82,3,2.0,Palmira
Oyoba,247-40-4009,$2147167.39,1,4.8,Yumbo
Kanoodle,622-73-7238,$1471242.14,2,3.5,Envigado
Livefish,251-95-5757,$531567.34,1,5.0,Duitama
Realfire,849-96-8280,$5415610.85,5,1.3,Villavicencio
Camimbo,363-71-0837,$9368191.46,1,1.7,Maicao
Flipstorm,287-56-4375,$3365383.66,2,2.1,Armenia
Centizu,830-10-2059,$9778516.30,4,1.1,El Aguila
Wordware,547-03-6673,$9140288.26,3,1.5,Florencia
Gigaclub,874-81-3474,$8078462.24,3,1.2,Popayan
Mydeo,838-68-0913,$3494599.36,1,3.6,Neiva
Meedoo,142-51-0352,$5117570.65,4,2.6,Leticia
Tagopia,211-23-1734,$2313679.33,5,2.1,Cartagena
Divape,715-40-2969,$6614453.88,5,2.1,Medellin
Roombo,338-70-9684,$2567245.55,1,2.8,Puerto Carreño
Devshare,366-24-4033,$2698925.06,2,1.6,Ibague
Ailane,723-34-2954,$9178216.72,2,2.8,Pasto
Divanoodle,606-85-0772,$6654152.71,4,4.9,Fusagasuga
Realbridge,293-97-5924,$1098770.47,4,1.4,Armenia
Snaptags,121-87-4746,$8956315.18,5,4.0,Tulua
Youbridge,631-34-9970,$3834286.58,2,2.0,Fusagasuga
Yodo,786-40-0917,$7059466.13,1,3.9,Ipiales
Oyonder,562-72-2502,$4130790.13,4,3.2,Roldanillo
Mydo,576-87-2942,$8328636.72,3,2.5,Valledupar
Oozz,540-94-3739,$5581026.48,2,3.0,Valledupar
Twimm,867-19-0474,$9820022.14,3,3.0,Armenia
Bubblebox,160-79-7477,$8660332.08,4,4.8,Girardot
Edgewire,329-26-5774,$8584700.33,3,1.4,Bogota
Livepath,866-47-7182,$7101327.08,4,2.8,Jamundi
Wikido,885-25-1797,$4992217.59,1,2.2,Tumaco
Devcast,734-85-5788,$7572858.46,2,4.0,Zipaquira
Eidel,356-25-7250,$4181319.13,3,4.4,Yopal
Innotype,244-98-0279,$9216543.84,1,2.0,Palmira
Babbleset,340-51-5055,$9576113.51,4,1.3,Itagui
Jabbersphere,170-21-2097,$5531156.58,2,1.6,Soledad
Topicshots,595-96-2239,$1325423.90,1,4.2,Barranquilla
Skiptube,110-27-5432,$9747106.32,3,3.7,Tunja
Fadeo,281-66-1718,$6897442.39,3,4.6,Soacha
Camimbo,625-17-5255,$8260207.03,5,4.5,Manizales
Roodel,501-37-6938,$219571.90,4,3.6,Soledad
Skiba,121-23-1039,$2949575.21,5,3.1,Riohacha
Dynabox,569-40-8538,$1592950.79,3,2.5,Valledupar
Gigaclub,776-53-5681,$3977608.92,2,3.4,Villavicencio
JumpXS,731-20-9656,$8402805.80,3,2.6,Tumaco
Jayo,145-23-1314,$1005485.10,3,3.3,Bellavista
Bubbletube,233-45-6713,$4877077.47,4,4.5,Itagui
Youspan,625-05-7553,$8455748.37,1,4.5,Yumbo
Jabbertype,596-24-9360,$9556258.37,1,4.0,Fusagasuga
Youspan,185-51-8182,$4565632.63,1,3.5,Bogota
Ntag,857-81-8561,$3138875.45,2,2.1,Jamundi
Npath,397-07-9899,$804028.47,2,2.2,Medellin
Jabberstorm,814-07-3831,$812670.16,2,1.8,Buga
Eabox,243-66-8113,$6804488.38,2,2.8,Duitama
Pixoboo,165-42-1970,$9718454.98,3,3.8,Popayan
Eidel,581-92-6240,$692895.73,5,1.2,Yumbo
Lazzy,268-06-5250,$3622128.41,1,2.9,Floridablanca
Meevee,301-71-5101,$9780059.96,3,2.9,Santa Marta
Eayo,204-97-1742,$5738112.65,3,3.1,Villavicencio
Realblab,640-42-1412,$7135853.70,4,3.8,Duitama
Fliptune,814-20-9260,$2788710.85,5,3.2,El Aguila
Buzzbean,248-97-1023,$3156180.77,3,4.6,Leticia
Thoughtblab,813-62-4347,$1056338.23,3,4.4,Fusagasuga
Innotype,629-90-2552,$6741108.60,2,1.1,Roldanillo
Skipstorm,577-77-5039,$1196092.57,3,3.3,Ibague
Skipstorm,510-76-6714,$7935446.86,2,4.8,Cali
Brainlounge,783-28-5649,$7313973.27,2,3.1,Bogota
Photojam,776-38-2194,$5043545.60,4,4.0,Soledad
Skiba,159-97-6750,$9935622.26,1,1.6,Cali
Topicblab,809-41-4390,$7942950.09,2,4.6,Leticia
Flipstorm,308-54-7899,$626258.26,4,2.2,Soacha
Skibox,884-65-3342,$1867912.59,2,4.9,Ipiales
Photobug,208-93-1443,$5359715.50,4,4.5,Floridablanca
Babbleopia,440-90-7258,$9574411.35,4,3.3,Ipiales
Blogtags,762-90-9842,$7291854.84,3,4.5,Maicao
Tagopia,266-63-3935,$4788191.90,5,3.9,Itagui
Gabtune,656-69-7072,$6563042.81,1,1.4,Palmira
Skimia,854-79-3334,$5151310.12,5,2.1,Ipiales
Buzzster,334-84-6913,$7883239.48,2,2.9,Floridablanca
Zoomcast,294-42-1605,$5624536.39,2,2.6,Bello
Leexo,470-63-2393,$464739.48,2,4.5,Soledad
Skippad,898-06-3384,$9577890.12,1,4.7,Cucuta
Roodel,100-62-1138,$8169981.26,3,2.4,Soacha
Babbleblab,569-95-5659,$1162958.00,2,4.0,Ibague
Gabtype,112-09-7651,$5040015.95,4,3.1,Bello
Oloo,713-08-3179,$2696507.89,1,2.7,Ibague
Voolia,530-55-1834,$3659082.85,4,4.4,Jamundi
Dazzlesphere,317-76-4693,$3079064.74,5,3.1,Buga
Jayo,229-16-6732,$9670766.72,4,1.9,Itagui
Brainlounge,756-07-1883,$8207903.45,2,2.5,Barrancabermeja
Kwideo,311-16-8362,$7870816.71,5,1.0,Bucaramanga
Oodoo,374-67-2773,$961473.30,5,2.2,Buga
Yakijo,649-10-5407,$2008481.98,4,3.4,Bucaramanga
Linklinks,473-40-0102,$9416564.14,1,4.0,Jamundi
DabZ,357-75-0693,$9115112.79,1,2.7,Itagui
Plambee,213-20-5665,$9632299.89,1,2.4,Pasto
Skipstorm,710-30-1566,$1611203.33,3,3.9,Monteria
Flipbug,732-69-9854,$141002.32,2,3.9,Monteria
Zoovu,710-35-2064,$2223682.41,2,3.7,Leticia
Mynte,166-06-2155,$1664747.74,4,3.1,Puerto Carreño
JumpXS,226-52-7424,$8417334.88,1,3.1,Medellin
Innojam,343-18-0536,$2122464.02,4,2.6,Cali
Dabshots,787-40-0834,$4106371.18,2,2.8,Floridablanca
Wordify,632-13-6116,$8595782.39,2,2.9,Jamundi
Topicstorm,210-76-4360,$9339436.78,4,2.7,Barranquilla
Eidel,231-92-2139,$5878375.22,5,1.7,Palmira
Feedspan,540-81-4656,$4676017.28,1,2.6,Tunja
Innotype,587-40-8357,$5657920.35,3,3.6,Girardot
Tazzy,778-97-2952,$2724327.03,4,3.6,El Aguila
Blogpad,614-77-1065,$5992155.72,2,4.3,Leticia
Divape,379-22-3709,$6020260.65,1,1.6,Neiva
Eadel,203-34-0967,$1840591.14,1,4.8,Buga
Snaptags,385-50-5615,$4110239.52,2,1.7,Yopal
Rhycero,881-58-2665,$2969372.55,5,1.5,Floridablanca
Brainsphere,452-16-8751,$8433701.18,4,3.2,Valledupar
Babbleopia,167-01-5617,$9254573.68,1,3.2,Bellavista
Meeveo,731-36-7193,$3557561.14,2,1.3,Barranquilla
Shufflester,705-36-6439,$3763507.95,5,1.1,El Aguila
Demizz,812-16-6856,$1734927.55,1,4.4,Medellin
Mydeo,564-87-1752,$6085284.70,4,2.9,Maicao
Zoozzy,215-85-1471,$6236468.43,1,2.3,Jamundi
Yozio,240-75-3882,$8326012.74,1,4.6,Pereira
Skibox,805-95-9459,$9644565.38,3,4.2,Armenia
Miboo,241-46-5597,$1122861.89,2,3.3,Zipaquira
Einti,753-99-9429,$6079052.27,2,2.9,Giron
Realcube,524-32-9766,$5083750.79,5,2.8,Fusagasuga
Aimbo,683-02-4352,$2706732.79,5,3.2,Tunja
Rhycero,775-99-9209,$4302027.99,2,1.0,Pereira
Topicstorm,133-59-7355,$8963222.81,1,2.8,Maicao
Meemm,159-68-5487,$5729771.07,4,3.6,Mompos
Kwilith,800-30-4754,$2414855.70,3,3.5,Roldanillo
Flipopia,636-31-6453,$4794628.08,5,4.1,Soacha
Oyonder,445-02-8208,$266869.16,1,4.3,Roldanillo
Browsedrive,202-84-4194,$6861079.69,1,4.9,Soacha
Photobean,728-42-3477,$1920649.85,4,4.0,Fusagasuga
Riffwire,135-33-1706,$7542005.97,5,1.0,Yumbo
Quimba,858-66-2563,$3097499.07,2,1.5,Santa Marta
Photospace,887-40-7528,$4135409.82,4,4.2,Mocoa
Digitube,151-95-3300,$9878397.29,3,3.8,Mocoa
Topiclounge,621-83-0785,$5477521.25,5,1.8,Palmira
Lazz,386-68-6336,$2833260.52,3,4.9,Girardot
Innotype,752-13-7301,$6618995.97,1,4.6,Popayan
Dabfeed,642-66-3451,$8625133.28,5,4.1,Florencia
Devcast,807-53-0537,$8912132.95,1,3.5,Cali
Dablist,131-71-4951,$9041287.76,4,2.9,Barranquilla
Zoomlounge,402-22-8564,$6213642.08,2,1.8,Envigado
Tambee,720-03-9323,$4932646.97,5,4.2,Palmira
Demimbu,573-10-7276,$8381436.28,5,2.9,Cali
Zoovu,517-68-1462,$4715606.96,3,1.2,Bogota
Tavu,805-25-2566,$2967382.54,4,2.8,Palmira
Livefish,759-79-1647,$4776762.53,2,2.1,Ipiales
Feedfish,284-98-8159,$829997.80,5,3.6,Tunja
Centizu,312-48-4275,$6131161.25,2,2.0,Cartagena
Riffwire,804-71-3854,$3624342.66,2,4.5,Villavicencio
Youtags,617-81-6289,$9351926.71,3,1.6,Barrancabermeja
Topicblab,543-76-8769,$9822060.68,3,1.6,Ipiales
Browsecat,243-50-6208,$7990896.09,1,2.3,Giron
Trunyx,304-27-6124,$7214909.49,5,1.5,Yopal
Dabfeed,749-75-7857,$4602189.24,5,1.0,Sincelejo Quibdo
Shufflebeat,434-10-8311,$3464808.73,3,4.7,Cucuta
Podcat,584-02-2349,$3154997.82,5,4.5,Bellavista
Tagopia,871-65-0039,$7385428.57,1,4.9,Monteria
Quinu,111-64-7352,$1110388.56,3,4.2,Villavicencio
Skipfire,366-31-3740,$7433019.40,3,4.0,Buenaventura
Photojam,399-30-9189,$6760156.62,1,1.7,Giron
Flipstorm,212-73-1495,$6268943.71,1,2.6,Yumbo
Mynte,238-64-4262,$9377517.82,5,1.3,Manizales
Bubblemix,649-69-5906,$682005.70,1,1.3,Leticia
Avamm,839-37-7599,$5076022.85,1,2.7,Jamundi
Browsezoom,559-92-0842,$6014397.12,4,4.6,Puerto Carreño
Tekfly,729-94-1683,$3056465.53,1,2.5,Fusagasuga
Yodoo,424-76-9423,$3067440.47,2,3.0,Maicao
Dabfeed,407-57-9379,$4234158.43,4,3.7,Soledad
Flashset,396-73-6593,$2471070.18,3,3.4,Yopal
Voolith,232-03-6556,$6551481.16,2,2.2,Neiva
LiveZ,381-26-8130,$6779473.88,3,2.7,Giron
Brightbean,473-11-6968,$7932752.20,5,3.7,Ipiales
Jaxworks,110-15-7957,$990378.56,3,2.8,Girardot
Thoughtsphere,761-09-1520,$9177478.19,5,3.1,Popayan
Skyba,573-96-1917,$973545.30,5,3.6,Bello
Dynava,403-08-5753,$1257919.97,2,4.5,Soacha
Cogibox,306-14-3194,$3172374.66,3,4.5,Valledupar
Tanoodle,349-97-2370,$1897133.72,1,4.4,Giron
Voolith,403-15-5803,$6998845.68,4,2.4,Roldanillo
Bubblemix,248-74-1209,$9408594.28,4,4.2,Valledupar
Topiczoom,849-07-4018,$4744722.57,3,1.3,Popayan
Rooxo,857-36-4680,$9866345.13,4,1.9,Roldanillo
Edgeblab,199-59-6302,$2378145.78,1,3.0,Neiva
Brightdog,825-11-1146,$9672716.36,4,4.0,Bucaramanga
Feedspan,844-44-0802,$9009880.20,5,4.5,Mocoa
Twitternation,786-82-6737,$6795450.22,4,4.4,Leticia
Photobug,580-19-1256,$1135758.17,5,4.5,Ipiales
Mycat,559-07-1446,$5975172.79,4,3.8,Zipaquira
Thoughtstorm,644-56-8747,$2987059.01,4,3.0,Cucuta
Zoomzone,456-82-5055,$7472694.61,5,2.9,Itagui
Wordify,771-50-7694,$263857.35,5,3.6,Manizales
Feedmix,239-11-3251,$299410.10,3,2.0,Girardot
Rhybox,536-68-4515,$8318051.00,5,2.6,Ocaña
Zoovu,682-31-4846,$2054705.92,4,3.5,Puerto Carreño
LiveZ,494-67-5128,$5708973.77,5,4.5,Villavicencio
Dynazzy,815-30-6081,$4703882.07,3,3.5,Buga
Kimia,567-11-4335,$4033543.05,1,2.5,Cali
Livetube,591-16-4179,$5757116.60,4,5.0,Buga
Dynabox,665-55-4357,$3536406.25,4,2.9,Soacha
Jabberbean,767-46-2846,$2668784.23,1,3.5,Ipiales
Dynava,229-29-7455,$3395663.18,4,3.7,Mocoa
Wikido,705-14-2962,$6171399.09,3,1.4,Valledupar
Devbug,345-74-8412,$9422480.75,5,1.8,Tulua
Innotype,418-79-7575,$6553539.12,4,3.5,Ocaña
Nlounge,514-44-3036,$7718429.45,3,2.5,Maicao
Yambee,795-03-9922,$3316541.54,5,2.6,Cucuta
Vinder,282-28-6996,$7683999.75,5,1.2,Riohacha
Camido,683-18-5426,$8399757.51,4,1.9,Ocaña
Ailane,394-09-4810,$3758070.24,2,2.8,Maicao
Jaxworks,546-49-3470,$2813766.68,4,3.0,Sincelejo Quibdo
Oloo,236-87-0658,$8324793.23,2,1.6,Yumbo
Kwinu,346-12-4389,$331869.22,4,5.0,Florencia
Eayo,347-07-5900,$760847.35,1,1.8,Cartagena
Kwimbee,232-82-3666,$2277316.25,4,2.7,Buenaventura
Quinu,351-44-7236,$7947300.36,4,1.3,Giron
Abata,123-56-0397,$8534336.18,3,1.7,Mompos
Jabberstorm,639-97-5697,$7097074.89,5,1.2,Palmira
Kazu,558-89-3944,$4645186.20,5,4.5,Itagui
Twimbo,173-36-2802,$2646051.89,3,3.1,Itagui
Dablist,362-79-9005,$4827546.13,2,1.2,Envigado
Shuffletag,637-24-9044,$218820.42,3,4.4,Ipiales
Meemm,270-94-2111,$4710486.39,4,1.4,Yumbo
Camimbo,512-45-4307,$9030800.07,5,1.1,Riohacha
Geba,638-95-1675,$5859111.73,2,4.5,Ipiales
Einti,794-06-5887,$9941781.00,5,1.8,Envigado
Gabtype,839-75-4162,$7195233.75,3,3.1,Manizales
Realmix,652-79-4856,$7915054.89,5,4.1,Valledupar
Topiczoom,426-87-4199,$6669712.23,2,4.1,Floridablanca
DabZ,590-37-1088,$9101901.97,2,3.9,Villavicencio
Blognation,754-18-9979,$8260693.64,4,4.6,Mocoa
Demivee,794-74-1106,$7474164.07,2,3.4,Zipaquira
Zoovu,463-30-7308,$6614564.50,1,1.2,Manizales
Livetube,163-65-4075,$765830.52,4,2.9,Jamundi
Talane,569-75-7921,$4828258.12,4,1.3,Cali
Mynte,162-99-7878,$631834.72,3,3.9,Pereira
Aimbo,427-51-0454,$8320173.21,3,4.7,Pasto
Twiyo,136-87-0075,$2365840.75,2,5.0,Soledad
Yamia,105-73-1902,$2490780.14,1,4.3,Envigado
Voonder,632-15-4948,$5362934.77,5,4.1,Puerto Carreño
Divavu,775-96-2458,$1494904.12,3,1.6,Ipiales
Dabfeed,496-42-7411,$718988.89,1,2.3,Monteria
Abata,454-41-5681,$7829505.95,1,1.3,Mocoa
Jabberbean,537-99-2410,$6881016.01,3,2.7,Ipiales
Brainverse,166-92-5822,$1802587.09,1,4.4,Giron
Quatz,733-32-3582,$4267837.07,1,2.9,Florencia
Yambee,636-24-1039,$4875662.04,1,3.7,Riohacha
Camido,519-84-5509,$4548017.46,2,3.3,Fusagasuga
Camimbo,763-56-6518,$7719970.56,5,2.9,Maicao
Yambee,555-16-9721,$8645187.61,3,4.7,Villavicencio
Photobug,589-19-7541,$7088353.16,4,4.6,Leticia
Bubblemix,327-88-3622,$5228071.59,3,2.5,El Aguila
Babbleopia,849-24-9262,$3902304.15,1,1.8,Buga
Flipbug,517-49-7787,$7516291.85,3,2.5,Soacha
Demizz,561-94-3748,$2154948.50,2,2.0,Tulua
Edgetag,261-31-6702,$8146023.86,3,4.6,Itagui
Quinu,766-26-3293,$3954659.23,3,2.2,Manizales
Photobug,757-52-4478,$1514489.36,4,2.1,Yumbo
Avavee,659-76-0341,$8121559.11,2,2.6,Tunja
Dablist,371-90-6856,$1725863.29,4,2.0,Giron
Devbug,151-08-4598,$5985015.94,5,1.3,Florencia
Plambee,145-82-0635,$5847945.95,5,4.5,Fusagasuga
Quire,377-97-1041,$9240010.15,5,2.3,Soacha
Tagchat,439-37-7923,$8092307.97,2,2.3,Mocoa
Agimba,619-68-2756,$725096.31,1,2.0,Soacha
Rooxo,364-91-4752,$8454810.68,2,3.1,Mocoa
Skilith,846-93-9709,$7939247.90,1,4.4,Florencia
Feedfire,399-27-7583,$8017005.53,3,4.2,Girardot
Blognation,123-03-9570,$2333328.88,3,3.6,Riohacha
Twitterbridge,307-31-4470,$6992242.08,2,5.0,Pereira
Devify,158-77-5859,$7796665.03,5,2.7,Riohacha
Devpulse,136-95-4897,$5044860.54,5,1.2,Cartagena
Feednation,639-12-4110,$3055211.81,3,1.7,Buenaventura
Jaxworks,437-94-8847,$8243466.28,4,3.6,Buga
Centizu,401-58-4013,$7160739.09,4,3.4,Puerto Carreño
Viva,513-35-4852,$2717523.75,4,2.6,Medellin
Pixope,343-10-6641,$9284513.53,1,2.5,Santa Marta
Realfire,754-96-0927,$2925983.87,1,1.3,Armenia
Rhyzio,688-36-1135,$1773221.71,3,2.9,Envigado
Jaxworks,583-40-5180,$4527146.68,1,2.0,Mompos
Digitube,564-06-4895,$4729460.67,3,3.7,Duitama
Jatri,278-65-8529,$3629204.86,4,3.4,Bogota
Yozio,324-06-1141,$9176647.81,4,3.4,Armenia
Tagcat,313-71-5895,$5021366.39,1,3.9,Buenaventura
Bubbletube,614-90-6823,$236197.62,4,1.2,Manizales
Centimia,756-18-3283,$7583660.75,3,3.8,Manizales
Eare,215-17-2897,$5642186.88,2,3.7,Barrancabermeja
Zoonoodle,822-69-4737,$5023427.31,1,4.8,Itagui
Linkbridge,634-85-5800,$243011.67,4,3.4,Buenaventura
Riffwire,461-18-6843,$8686597.37,5,3.9,Manizales
Feedfish,704-81-1858,$6981048.32,3,4.5,Florencia
Centizu,869-38-4825,$7945214.63,1,3.9,Cucuta
Gabtype,662-88-0037,$1493601.91,3,1.0,Girardot
Divavu,740-01-6820,$4741827.51,1,1.7,Cartagena
Centizu,236-46-8358,$1874385.94,5,1.7,Roldanillo
Layo,433-37-9403,$1909896.11,3,1.6,Tulua
Skidoo,535-59-7031,$1937444.08,1,2.8,Envigado
Eidel,159-25-1975,$4782424.74,4,1.5,Santa Marta
Voomm,569-20-1327,$7524383.37,3,1.2,Bogota
Wordify,877-34-6901,$9908120.12,4,4.7,Buga
Twinte,226-88-8210,$7610635.62,5,3.6,Zipaquira
Flashset,577-03-9738,$4954744.72,3,3.6,Soacha
Voomm,502-21-4762,$661423.03,3,2.0,Bogota
Twinte,184-83-8142,$2326631.88,5,1.4,Leticia
Livefish,855-05-1886,$7746469.47,3,1.2,Pasto
Kazu,464-18-6535,$8912839.36,4,4.2,Mompos
Skimia,262-98-2875,$4881253.06,5,4.0,Riohacha
Wordpedia,703-46-7575,$7776955.12,3,4.9,Girardot
Voonte,313-24-4153,$1658989.70,4,2.6,Ipiales
Babblestorm,762-07-8202,$3286578.43,3,1.1,Bello
Jabbercube,165-28-9676,$5805211.73,5,1.8,Yumbo
Dabvine,828-45-1381,$8387697.26,3,1.7,Mompos
Dynava,819-27-7783,$2553797.62,5,2.4,Mocoa
Babbleopia,296-36-0320,$3774784.27,5,3.6,Manizales
Thoughtstorm,399-98-2104,$8266854.87,5,3.6,Monteria
Topiclounge,463-01-8799,$7394781.27,3,3.6,Manizales
Vinte,715-74-5204,$8085285.68,1,2.7,Soledad
Brightbean,565-95-7729,$2457137.88,3,2.5,Maicao
Katz,378-25-4944,$411782.84,3,2.6,Yumbo
Edgeblab,895-69-9462,$5563054.13,3,3.2,Leticia
Gabvine,617-05-5257,$671204.73,1,4.3,Zipaquira
Aimbu,406-52-6398,$4868614.83,2,4.3,Pasto
Photobug,268-76-2865,$1184918.00,2,2.6,Riohacha
Minyx,306-80-8250,$8844447.40,4,2.8,Jamundi
Jayo,418-19-8297,$3711922.99,5,2.4,Cucuta
Pixoboo,173-23-5850,$8582342.45,2,3.3,Cartagena
Mymm,679-27-6076,$2362826.69,1,1.2,Pereira
Wikido,786-50-4323,$8596887.81,5,3.8,Giron
Browsezoom,801-56-8753,$4377847.83,3,1.4,Sincelejo Quibdo
Oozz,870-63-1230,$4792177.22,2,1.5,Maicao
Browsebug,178-37-0390,$9805592.31,4,4.6,Floridablanca
Abata,843-44-7486,$6938714.20,4,1.3,Pasto
Fatz,551-87-5734,$7669904.66,3,3.0,El Aguila
Babbleopia,586-29-3660,$2578993.17,4,3.9,Barranquilla
Browsecat,372-19-5743,$6986180.19,4,3.0,Villavicencio
Devshare,115-59-1035,$207436.04,3,2.4,Santa Marta
Eimbee,768-17-1193,$8037751.22,4,2.6,Monteria
Skajo,679-38-3571,$9795410.30,1,2.8,Bogota
Aimbu,547-48-5075,$5600789.88,4,4.8,Armenia
Voomm,749-55-0927,$5781565.79,1,2.9,Valledupar
Demivee,136-30-6656,$3391416.80,5,1.9,Popayan
Kazio,415-93-6415,$1708977.12,4,4.0,Girardot
Meejo,432-33-5234,$5967415.76,5,4.9,Buenaventura
Meejo,866-80-2840,$9125896.90,1,4.3,Zipaquira
Fatz,480-59-1267,$369251.59,2,2.2,Cartagena
Photofeed,619-83-7072,$6987849.27,4,2.1,El Aguila
Brightdog,677-34-2304,$5249001.42,2,4.6,Zipaquira
Rhyzio,435-74-4774,$8214360.46,5,3.7,Roldanillo
Zava,383-35-0463,$6138657.44,2,4.8,Girardot
Mycat,841-59-7175,$3453558.13,4,3.1,Bellavista
Riffpath,671-44-2040,$9141663.88,5,2.0,Armenia
Yodo,220-91-0044,$3938891.26,1,4.7,Ibague
Feedbug,697-03-4752,$1929281.15,5,3.9,Envigado
Yabox,509-17-8023,$5699304.24,3,1.4,Palmira
Dabjam,121-12-3958,$1638279.01,4,2.4,Armenia
Zoozzy,623-78-4263,$4708542.91,4,4.4,Buenaventura
Bubblebox,804-87-5531,$5005927.36,1,3.8,Fusagasuga
Divavu,234-04-7562,$7056387.86,2,2.5,Tumaco
Dazzlesphere,175-14-1916,$9128473.20,4,2.8,Leticia
Rhyzio,559-02-1744,$3715527.26,2,1.3,Ibague
Topiclounge,631-74-2104,$3423572.56,3,3.2,Medellin
Trunyx,882-13-0497,$2370346.76,2,3.9,Tumaco
Brainsphere,764-67-1918,$7868413.06,5,2.3,Cartagena
Flashpoint,772-55-3320,$5626276.89,4,4.8,Riohacha
Photobug,182-30-2971,$2771188.72,3,3.9,Envigado
Skiptube,345-91-3646,$2911799.11,2,1.3,Popayan
Digitube,694-77-9340,$3087603.79,1,2.1,Tunja
Photobug,468-81-3068,$4075988.92,4,4.2,Envigado
Zoombox,747-37-0266,$5254399.41,5,1.8,Soacha
Quire,632-50-1890,$4950252.67,1,4.7,Barrancabermeja
Eamia,685-12-0541,$4206464.12,2,3.9,Roldanillo
Flashspan,644-89-3640,$322595.70,2,1.7,Zipaquira
Kamba,875-64-9464,$4175873.71,5,1.5,Tunja
Twinder,672-95-6264,$614520.40,2,3.5,Maicao
Twimbo,329-49-1394,$5544007.41,3,4.5,Sincelejo Quibdo
Wikido,635-69-8345,$6067677.56,4,1.9,Florencia
Rhynoodle,530-20-7105,$2515748.63,5,2.8,Leticia
Rooxo,410-48-0376,$2232313.62,2,3.9,Barrancabermeja
Kazu,152-08-0531,$2530644.37,1,2.3,Buenaventura
Topiczoom,619-97-3906,$3771047.05,2,3.0,Florencia
Voomm,382-25-8137,$9131463.53,1,3.9,Buenaventura
Layo,355-31-8388,$9596654.22,5,2.8,Cartagena
Gigazoom,515-09-7132,$4492162.61,4,1.7,Pasto
Blogtag,758-18-3266,$1831352.15,4,4.0,Barrancabermeja
Edgepulse,743-65-8419,$3708806.19,3,2.0,Barranquilla
Devify,288-96-4211,$6886320.90,3,3.5,Floridablanca
Browseblab,548-92-5077,$838839.19,5,4.1,Santa Marta
Digitube,601-55-4688,$3593505.57,4,1.6,Valledupar
Dabtype,357-04-9433,$8536887.47,3,1.2,Florencia
Twitternation,844-90-7119,$9646100.09,3,1.4,Zipaquira
Trudeo,493-09-8280,$177685.61,2,1.0,Ibague
Meemm,769-35-6310,$8625656.31,2,4.3,Girardot
Jaxnation,831-89-6532,$1672539.42,3,1.2,Neiva
Vimbo,467-86-1476,$6458616.27,1,2.3,Giron
Feedfish,229-25-9141,$8987812.11,4,3.0,Yumbo
Ailane,160-45-7917,$1299741.15,4,2.6,Florencia
Reallinks,254-53-5035,$9612872.43,2,3.6,Sincelejo Quibdo
Skyble,257-45-2354,$6125766.62,2,4.1,Yopal
Realfire,426-23-7730,$9382219.88,3,2.6,Zipaquira
Jetwire,103-05-3602,$3444994.83,5,3.9,Valledupar
Thoughtstorm,463-51-9522,$941394.60,2,3.6,Zipaquira
Bubbletube,636-14-1941,$8217134.53,1,1.7,Maicao
Skippad,505-58-1760,$5499923.07,4,3.3,Ibague
Yamia,730-84-5185,$6223223.72,5,2.3,Popayan
Thoughtsphere,781-67-5954,$473394.24,2,2.1,Cali
Voomm,230-68-1572,$8240524.42,1,3.8,Leticia
Wikivu,767-12-6112,$5584321.17,5,2.0,Leticia
Yamia,474-58-9224,$7680510.94,1,4.3,Barranquilla
Innotype,461-46-7582,$7730292.02,2,1.1,Giron
Devpulse,179-74-4491,$1872591.72,1,1.6,Tumaco
Zoonder,572-22-6961,$5227453.34,5,1.6,Bucaramanga
Mymm,523-84-3170,$3092564.71,1,1.5,Neiva
Skinte,108-59-1531,$904087.96,1,2.1,Ocaña
Skiba,345-46-9021,$1908819.26,2,1.6,Villavicencio
Tavu,213-11-6412,$1140641.49,4,3.9,Bogota
Skinix,788-32-7838,$1428575.73,2,4.2,Yopal
Zoomzone,157-29-4783,$8348314.70,1,3.6,Villavicencio
Youspan,255-33-4374,$4489349.10,5,3.9,Bogota
Avaveo,372-49-8461,$3581381.55,4,2.1,Jamundi
Rhynyx,629-83-6479,$5125571.94,3,4.4,Ocaña
Vinte,297-43-2533,$7486483.52,3,4.2,Barranquilla
Thoughtbeat,409-86-8562,$5448282.94,1,4.8,Valledupar
Gigaclub,182-23-0199,$3632368.35,4,2.8,Popayan
Babbleset,108-19-1801,$4237397.35,2,4.0,Puerto Carreño
Mynte,354-64-1507,$9257088.05,2,3.8,Palmira
BlogXS,174-09-0552,$9143686.97,3,1.6,Duitama
Twitterbeat,247-66-8117,$6408767.96,2,4.9,Tunja
Zava,244-56-0577,$1472641.64,3,1.6,El Aguila
Voomm,695-53-1095,$4510192.03,2,3.7,Envigado
Gigaclub,612-95-0696,$8837925.14,1,4.3,Zipaquira
Gabtune,858-35-6421,$4006866.55,3,2.6,Pereira
Linktype,873-50-3791,$9193733.49,5,1.5,Giron
Avaveo,633-13-6177,$7684523.63,3,4.0,Soacha
Omba,817-34-8462,$7381644.80,1,3.1,Itagui
Layo,281-92-8536,$7944639.49,2,5.0,El Aguila
Mymm,433-56-7009,$9962237.42,5,5.0,Itagui
Avaveo,562-17-3776,$724447.12,4,1.6,Puerto Carreño
Rhyloo,770-90-3793,$5851139.76,3,1.4,Barrancabermeja
Tagpad,399-44-6839,$6977219.99,2,4.3,Popayan
Pixope,332-90-6705,$9398806.07,1,2.8,Cali
Agivu,813-62-9247,$1391663.16,3,1.3,Jamundi
Rhynyx,225-05-3385,$6771623.66,1,2.0,Barranquilla
Browsebug,130-85-0208,$1785985.09,3,1.2,Soacha
Mudo,250-05-4399,$1577159.44,4,4.6,Ipiales
Trilia,730-93-4620,$8857940.74,4,2.7,Bellavista
Jabberbean,386-38-0699,$8654100.00,2,1.3,Girardot
Lazz,466-79-3290,$9379067.25,4,1.6,Itagui
Quire,570-43-2668,$4421356.78,2,3.9,Itagui
Voomm,381-50-5776,$1821425.27,3,3.7,Riohacha
Roomm,643-08-8385,$3481708.89,2,5.0,Cartagena
Zoonoodle,450-38-7332,$618564.70,2,1.6,Ocaña
Mydo,341-15-5000,$3434309.99,3,4.2,Itagui
Voolia,613-21-1527,$8152297.68,4,3.8,Bello
Quimba,167-43-1974,$5689303.31,3,4.0,Ibague
Quamba,123-77-9595,$3961540.75,4,2.4,Soledad
Meeveo,439-18-4125,$3214724.52,4,3.9,Mompos
Brainverse,431-69-3877,$8075439.60,3,2.2,Bucaramanga
Voonix,475-04-4915,$6867947.01,5,2.7,Cali
Mynte,107-77-4220,$3786907.24,2,4.4,Soacha
Kwinu,438-58-8100,$2081817.65,5,1.4,Medellin
Photobean,601-59-2744,$3386572.35,4,1.2,Puerto Carreño
Zoomlounge,797-88-4099,$9749404.63,3,4.4,Zipaquira
Twitterlist,356-68-7598,$2256731.53,3,3.3,Buenaventura
Tagpad,242-36-2280,$8444203.33,2,3.5,Monteria
Gabtune,355-73-3040,$7649906.26,5,3.7,Tunja
Leexo,834-90-1908,$2134127.55,2,3.5,Giron
Chatterbridge,899-20-7898,$7002787.39,4,1.9,Popayan
Twitterwire,497-92-7215,$8607389.38,3,3.6,Soledad
Oyondu,313-26-6116,$955893.18,3,4.5,Girardot
Ailane,487-99-9513,$2102854.62,5,4.1,Florencia
Innotype,575-83-7525,$1664211.73,5,1.5,Valledupar
Fanoodle,851-67-5102,$2933749.12,3,2.9,Ocaña
Agivu,601-11-3637,$8902238.84,4,5.0,Ipiales
Ozu,378-19-0668,$4733318.75,4,4.4,Giron
Kwideo,609-64-4394,$2856268.19,2,2.8,Medellin
Livetube,374-89-2687,$4327870.66,4,4.2,Ocaña
Blognation,854-03-1889,$7847208.28,1,1.9,Yumbo
Vinder,648-64-8762,$1354547.73,1,2.5,Envigado
Zoozzy,157-68-4680,$6026215.80,3,2.5,Sincelejo Quibdo
Riffpath,751-32-8023,$549626.31,4,2.6,Florencia
Jabbercube,788-70-5875,$9375521.52,2,4.6,Puerto Carreño
Zoomlounge,594-51-0097,$3366551.83,2,4.1,Leticia
Edgeify,810-34-6811,$716461.11,2,4.3,Tunja
Browseblab,873-27-1989,$4847862.75,5,2.1,Jamundi
Skyba,465-07-8185,$5249929.41,2,4.2,Jamundi
Yoveo,578-16-3998,$4241876.34,4,1.5,Ibague
Quimm,176-03-7375,$4202775.80,5,2.3,Soledad
Divape,817-78-2606,$4488031.17,2,3.1,Villavicencio
Pixope,653-94-3151,$794700.80,4,4.8,Buenaventura
Mynte,852-50-9940,$2123694.37,3,2.6,Jamundi
Demizz,865-96-9859,$6686217.91,2,2.7,Bello
Thoughtsphere,278-05-1937,$1745111.69,3,3.1,Pasto
Skaboo,490-29-5479,$298974.38,5,3.1,Mompos
Zoozzy,108-84-3176,$2985956.12,5,1.0,Ocaña
Skinix,808-65-9751,$7791021.92,2,3.2,Giron
Reallinks,453-30-2698,$6351841.03,4,3.6,Zipaquira
Vidoo,207-19-7200,$3961934.27,5,4.7,Sincelejo Quibdo
Shufflester,598-49-3445,$7849023.38,4,4.2,Cucuta
Oyondu,380-62-1384,$5444538.55,4,3.8,Puerto Carreño
Camido,381-51-1913,$3768705.80,2,2.8,Bogota
Brainverse,591-53-8287,$7483295.86,3,3.1,Santa Marta
Skimia,200-34-3722,$7064958.05,3,3.8,Zipaquira
Meezzy,470-03-3733,$6421186.54,3,1.7,Puerto Carreño
Mynte,736-34-8276,$8761090.21,4,2.9,Cartagena
Vinte,389-24-0636,$8225061.48,4,4.9,Yumbo
Thoughtblab,303-57-3168,$9624791.21,2,1.2,Neiva
Abatz,196-05-1888,$3771540.93,3,4.9,Duitama
Oba,337-19-2507,$3225809.07,1,4.4,Armenia
Gabtune,541-82-5686,$1943301.83,3,4.2,Zipaquira
Devpulse,869-77-6831,$1927114.69,1,3.6,Pereira
Roomm,803-78-3387,$2028045.68,4,3.8,Girardot
Youtags,135-88-4857,$631151.86,3,3.6,Giron
Wikizz,143-44-2346,$3190690.10,2,4.9,Valledupar
Babbleopia,341-97-3587,$9948208.68,3,2.9,Barrancabermeja
Riffwire,230-22-2507,$2521901.68,4,2.3,Soacha
Yacero,273-15-6066,$1918351.12,3,3.0,Cucuta
Plajo,630-77-6495,$3046906.90,2,4.1,Itagui
Yabox,488-86-8597,$1898310.46,3,4.9,Cartagena
Youbridge,788-02-8363,$6223737.57,3,2.1,Soacha
Dynazzy,218-99-0691,$2319602.65,3,2.0,Villavicencio
Demimbu,114-41-4104,$1681386.03,4,1.2,Popayan
Tagfeed,477-38-5587,$6613043.84,3,1.3,Sincelejo Quibdo
Topiczoom,331-42-6470,$9629216.33,3,2.6,Monteria
Leenti,640-43-3278,$2739722.51,2,3.0,Ocaña
Meezzy,547-87-4405,$4613032.98,4,4.2,Buga
Demivee,459-37-6977,$641683.76,5,3.6,Zipaquira
Dazzlesphere,677-21-5105,$8011247.61,5,4.0,Roldanillo
Edgeblab,738-44-7892,$5604333.15,2,4.7,Riohacha
InnoZ,599-91-9286,$4959146.43,1,1.3,Popayan
Yadel,242-68-7888,$1855355.81,1,2.1,Buga
Yotz,870-37-4464,$7291820.17,3,4.5,Bello
Latz,887-28-6135,$8090820.87,2,4.4,Yumbo
Cogibox,628-94-5846,$6089469.55,3,4.7,Palmira
Livefish,648-49-3094,$1602170.70,3,2.0,Bello
Zoomcast,571-36-7374,$6096314.02,1,1.9,Maicao
Youfeed,600-97-2827,$8630453.75,1,1.2,Ibague
Jaxnation,624-13-9034,$9901646.66,3,2.1,Soledad
Mybuzz,497-64-6147,$3980321.64,2,4.0,Medellin
Talane,819-23-8424,$2593181.64,4,1.4,Floridablanca
Quimba,807-93-5563,$8163902.06,3,1.9,Yopal
Tagfeed,669-65-4604,$6673412.48,1,1.9,Bogota
Brainlounge,274-84-5355,$6416533.20,4,3.0,Tunja
Divanoodle,677-78-4523,$2402173.80,3,4.9,Girardot
Meeveo,391-30-6909,$342809.96,5,4.2,Tunja
Oyoba,106-45-2543,$229877.25,5,4.2,Santa Marta
Rhycero,161-59-9490,$9147429.95,2,2.0,Duitama
LiveZ,119-47-6130,$9524581.94,3,3.4,Roldanillo
Vimbo,637-84-1556,$9011680.27,3,4.4,Jamundi
Kimia,816-38-4123,$1302476.88,1,2.3,Bogota
Flipbug,632-60-6335,$2655841.86,4,3.6,Pereira
Talane,800-33-9110,$7120083.90,4,1.0,Yopal
Skidoo,851-82-0504,$4435260.72,5,4.4,Armenia
Leenti,617-84-7630,$2661900.82,1,1.3,Monteria
Eare,488-79-6323,$3748208.27,3,2.6,Mompos
Fiveclub,107-37-4790,$9756108.84,2,2.9,Cali
Oodoo,836-35-4996,$1730213.08,3,4.2,Duitama
Voomm,487-44-6562,$2560770.03,2,4.8,Envigado
Skimia,850-78-5130,$7071025.23,4,1.7,Itagui
Skivee,277-29-4058,$6724249.80,2,3.6,Zipaquira
Realcube,844-56-1209,$6068850.37,3,4.5,Bello
Blognation,131-06-7012,$6194503.23,4,2.4,Palmira
Einti,307-37-0354,$5263121.10,1,4.3,Mocoa
Wikivu,819-17-1580,$6522854.74,3,4.4,Floridablanca
Wikizz,277-11-1497,$6823042.65,4,4.3,Zipaquira
Quatz,100-65-5485,$8719339.39,4,3.8,Pasto
Myworks,371-96-0760,$205143.11,5,1.3,Bucaramanga
Oyonder,264-84-7179,$2414066.21,5,1.4,Villavicencio
Meembee,593-55-4483,$8816579.90,2,4.9,Cartagena
Devshare,100-64-5006,$5581466.04,5,1.7,Itagui
DabZ,768-09-7155,$7526840.61,1,4.7,Mompos
Agimba,804-02-3286,$1662861.26,4,2.2,Tunja
Yata,252-47-3673,$1111898.54,4,4.0,Floridablanca
Yacero,844-95-3555,$5305905.74,3,1.3,Fusagasuga
Demizz,867-82-8232,$9958036.31,1,3.3,Pasto
Fiveclub,358-64-7345,$4372740.97,2,2.0,Riohacha
LiveZ,643-38-3364,$9968192.16,2,1.0,Bellavista
Buzzshare,862-30-7276,$2530889.58,5,1.5,Villavicencio
Mymm,573-20-5749,$7857506.39,5,3.3,Girardot
Brainbox,835-20-4622,$7565100.10,3,3.8,Fusagasuga
Nlounge,359-35-0138,$7406761.89,2,1.5,Jamundi
Abata,832-56-3437,$8386158.43,2,1.5,Buenaventura
Shufflebeat,339-01-2355,$5653872.50,5,1.6,Jamundi
Thoughtmix,217-14-8821,$4321491.87,3,3.2,Yumbo
Trilia,202-19-1634,$2897710.87,1,2.1,Cartagena
Zoomzone,682-14-6778,$1687362.00,2,4.3,Ocaña
Oyope,184-80-2934,$7748195.18,3,3.1,Villavicencio
Babblestorm,218-84-0911,$9546269.77,2,3.5,Mompos
Pixonyx,466-60-6315,$6044710.81,4,3.0,Fusagasuga
Meembee,288-10-5210,$3441522.93,2,1.4,Tulua
Myworks,459-06-6894,$5476586.53,3,1.7,Pereira
Oozz,537-56-9991,$9167206.79,3,2.4,Cartagena
Abatz,278-39-4296,$4416968.58,2,2.8,Palmira
Jabbersphere,862-66-3025,$7331465.81,1,1.6,Bucaramanga
Jabbersphere,450-07-8909,$2225733.74,5,2.3,Floridablanca
Skilith,188-15-1418,$4050457.32,2,1.1,Cartagena
Roombo,576-11-2943,$3585778.59,5,2.4,Villavicencio
Zoomlounge,865-69-6041,$5213319.14,4,4.5,Roldanillo
BlogXS,195-79-9993,$3292976.38,2,1.6,Ocaña
Topicware,266-70-3524,$2659118.36,2,2.4,Tulua
Kazio,819-04-9476,$8999910.04,2,1.5,Bello
Geba,243-67-7375,$3892177.25,1,1.3,Envigado
Gevee,440-31-6019,$412199.16,3,3.8,Valledupar
Wikizz,451-30-4923,$3309778.93,5,4.1,Pereira
Vitz,202-65-8082,$6836881.30,5,4.3,Tulua
Camido,324-53-0087,$3714707.34,3,2.3,Sincelejo Quibdo
Quatz,757-90-1898,$2215228.66,4,3.1,Armenia
Fivespan,793-13-1590,$8104463.66,4,4.9,Bellavista
Topiclounge,877-88-2687,$6015445.74,1,1.2,Buenaventura
Yodoo,731-81-5197,$610342.50,1,2.6,Bellavista
Gigashots,374-46-9810,$7755512.80,2,1.6,Roldanillo
Flashset,355-12-2880,$1975972.75,3,2.3,Ipiales
Skyndu,684-58-6448,$1936288.54,5,1.2,Mocoa
Flipopia,602-45-9915,$1338937.26,3,1.4,Yumbo
Browsezoom,575-78-0572,$1089672.62,2,2.6,Bogota
Janyx,874-75-1828,$4965532.92,2,1.5,Tumaco
Lajo,839-08-1308,$5974296.11,5,2.4,Itagui
Viva,234-08-9107,$2210909.21,4,3.5,Floridablanca
Wordware,359-78-2531,$2462011.03,3,3.5,Buenaventura
Dabtype,680-07-9293,$4288551.84,1,2.2,Puerto Carreño
Latz,226-95-0395,$7427928.71,4,4.5,Soledad
Yodo,150-02-8795,$8809080.66,1,4.3,Cali
Photojam,190-99-4357,$3820279.34,5,1.3,Florencia
Topicblab,558-31-0232,$9444109.87,5,4.2,Roldanillo
Divanoodle,563-87-5292,$6412225.67,4,2.6,Bello
Gigashots,203-75-2938,$8124523.44,2,2.3,Giron
Topicshots,861-50-5859,$9894583.70,2,2.2,Maicao
Gigashots,613-21-6121,$6821618.58,3,3.1,Maicao
Eamia,650-22-0974,$4805598.32,2,4.9,Barrancabermeja
Skyvu,593-57-0836,$7797066.76,2,1.2,Roldanillo
Zoonoodle,623-83-6795,$7289300.07,1,2.0,Palmira
Tazzy,858-37-6559,$3763984.32,3,1.9,Pasto
Linklinks,194-26-1721,$2392569.91,5,3.2,Fusagasuga
Teklist,239-55-1476,$976979.96,5,1.5,Duitama
Centidel,140-58-1497,$7802287.73,1,1.6,Neiva
Quimba,761-96-2781,$8628228.60,3,4.9,Villavicencio
Flashdog,489-47-4968,$8917071.07,5,3.4,Mompos
Yabox,695-46-7036,$3902972.28,5,1.7,Fusagasuga
Eare,526-93-1467,$7025153.77,1,3.8,Buga
Wordware,605-04-7923,$6026224.10,4,4.0,Girardot
Tagtune,707-88-1800,$1538708.88,3,3.1,Tunja
Avamm,752-44-9554,$6908940.11,5,2.2,Girardot
Kwideo,346-78-7094,$5913578.68,5,1.8,Riohacha
Blognation,625-84-2165,$1639015.75,2,4.6,Itagui
Trudeo,161-46-3887,$4618940.01,1,1.2,Barranquilla
Linklinks,136-36-3709,$4543507.38,4,2.9,Leticia
Flashpoint,317-40-0422,$4061407.95,1,1.9,Bello
Zoonoodle,561-34-7359,$4158106.51,2,3.5,Popayan
Wikizz,529-32-4555,$5049395.19,1,2.8,Armenia
Skidoo,151-51-5113,$9992985.79,2,1.5,Girardot
Layo,424-17-4021,$1371152.08,2,4.0,Maicao
Gabtune,319-20-3164,$1273751.78,3,4.6,Leticia
Kazu,413-55-3015,$320070.50,2,3.0,Mompos
Leexo,285-89-8650,$237335.87,3,3.1,Tulua
Flipopia,770-22-9594,$3223577.79,4,2.5,Soledad
Buzzdog,436-70-1026,$3832035.78,1,4.2,Cartagena
Lazz,859-53-0090,$1870324.27,2,1.9,Bucaramanga
Photojam,206-49-6557,$985040.52,2,3.5,Puerto Carreño
Tagopia,426-61-1340,$3812004.34,4,1.9,Bogota
Gigabox,738-76-6672,$1307063.87,3,2.8,Giron
Trilia,519-26-8569,$6107396.19,5,2.8,Floridablanca
Jamia,585-67-5659,$511270.15,5,3.6,Itagui
Feedfire,466-83-4143,$2945335.54,4,2.6,Fusagasuga
Oyoloo,471-24-4547,$2713501.03,3,3.2,Cucuta
Blognation,331-95-1602,$7256633.37,4,3.1,Tumaco
Kazu,711-21-7487,$5189504.05,5,3.6,Giron
Myworks,539-81-8258,$5112196.87,1,1.1,Villavicencio
Zava,253-92-6398,$8769703.11,1,1.6,Valledupar
Riffpedia,745-88-0032,$4247238.72,4,1.7,Barrancabermeja
Einti,602-21-7716,$335802.02,2,3.4,Cali
Topicstorm,897-78-7544,$8049401.22,1,2.4,Monteria
Jabbertype,654-16-0064,$8599752.82,2,4.1,Ibague
Youopia,434-42-8103,$1314843.59,2,1.9,Cucuta
Aivee,568-26-6306,$5848329.90,4,1.8,Bello
Youfeed,234-90-6416,$5076417.81,1,4.2,Armenia
Mybuzz,864-41-4650,$3161258.16,3,1.3,Popayan
Thoughtworks,702-71-4374,$973141.28,2,3.4,Bogota
Brainbox,111-64-6160,$1324211.92,4,1.5,Soacha
Kwimbee,815-54-1683,$728603.16,3,2.7,Zipaquira
Photojam,746-35-7654,$4720496.99,2,3.1,Jamundi
Jaloo,781-71-7727,$3846406.13,4,2.8,Bellavista
Podcat,558-95-8884,$9091239.53,5,1.6,Tumaco
JumpXS,881-80-0578,$3712048.16,5,2.7,Santa Marta
Buzzbean,252-17-9072,$1785414.63,3,2.3,Soacha
Feedbug,227-21-1783,$6953350.54,3,4.1,Neiva
Oyoba,525-40-6449,$2250073.26,1,1.8,Barranquilla
Skyba,511-59-1384,$3803698.44,4,4.8,Duitama
Blogtags,561-03-7678,$2126992.14,5,4.1,Santa Marta
Skiba,895-02-0721,$8207894.40,3,4.2,Medellin
Shuffletag,709-69-0827,$5313615.91,5,2.7,Maicao
Skibox,232-50-5934,$634261.61,2,1.4,Ipiales
Leexo,710-80-2001,$5153442.02,1,3.3,Manizales
Dabvine,289-18-5285,$3702364.44,2,4.3,Envigado
Mymm,490-20-5252,$5626406.47,2,2.9,Sincelejo Quibdo
Vinte,517-12-6498,$4367651.84,4,4.0,Pereira
Topicware,684-27-1684,$5975354.05,2,3.2,Itagui
Yakitri,167-69-5250,$4141582.96,3,2.4,Envigado
Browsecat,400-51-8842,$6396635.78,2,3.4,Armenia
Flashdog,417-94-4452,$675671.31,2,2.5,Pereira
Yozio,349-14-4555,$4354316.89,3,2.8,Jamundi
Jabberstorm,331-52-9685,$9411250.79,4,3.2,Bello
Roombo,206-06-1175,$2609961.71,5,1.7,Neiva
Roombo,198-50-8639,$3776834.14,2,4.2,Duitama
Fatz,860-75-3199,$9543681.49,5,2.7,Bucaramanga
Zoonoodle,487-62-2610,$1056945.91,4,1.4,Bucaramanga
Demivee,319-20-2037,$6965157.06,4,1.5,Monteria
Zoomlounge,855-48-9128,$9983050.15,5,1.8,Bogota
Agivu,481-59-2625,$5041778.98,2,2.7,Fusagasuga
Dabjam,564-07-2429,$1867523.53,1,2.9,Pasto
Jaxspan,129-50-5121,$6353340.60,1,4.1,Bellavista
Yacero,697-60-7773,$6715911.74,1,4.8,Soledad
Gigaclub,248-50-2597,$6305573.21,1,2.8,Barrancabermeja
Skiptube,431-87-9508,$4993026.09,4,1.8,Sincelejo Quibdo
Oyoyo,714-50-9176,$6961712.52,2,1.8,Itagui
Voonyx,270-26-4901,$3010576.32,5,5.0,Soacha
Skyba,887-45-3738,$6346020.55,5,2.5,Bogota
Katz,219-01-1018,$1518702.60,4,4.7,Medellin
Quimm,268-89-4488,$2476606.72,5,2.0,Puerto Carreño
Plajo,594-53-4602,$4834273.63,1,2.2,Bucaramanga
Skinder,498-15-8906,$8075907.19,2,1.1,Soacha
Livetube,112-52-0207,$1007099.88,4,1.9,Riohacha
Eamia,233-81-8969,$7870766.08,1,4.1,Neiva
Oyonder,401-76-8212,$7751274.33,2,1.2,Jamundi
Wikido,624-57-9752,$5280729.69,2,1.3,Leticia
Edgepulse,148-64-5280,$5178651.87,3,1.7,Tumaco
Skivee,486-34-9693,$3553035.77,1,2.3,Tunja
Centidel,203-42-5890,$8867283.45,4,1.8,Monteria
Realpoint,173-57-3605,$7246462.17,2,3.3,Villavicencio
Blogtag,260-54-2691,$2437077.74,2,2.9,Santa Marta
Yakijo,891-05-4295,$1667160.05,4,4.9,Girardot
Muxo,407-45-4708,$5224054.48,2,1.6,Sincelejo Quibdo
Wikido,774-89-0562,$3934777.61,4,4.7,Jamundi
Jabbersphere,579-39-1798,$9122299.34,4,2.2,Tulua
Wikido,577-33-9820,$2486330.90,2,2.3,Floridablanca
Yakijo,594-28-9487,$8670394.16,1,4.3,Medellin
Browsedrive,237-01-9755,$7446648.10,3,1.8,Monteria
Kamba,107-25-9371,$4319905.97,1,2.1,Puerto Carreño
Edgepulse,314-05-1541,$4718973.69,2,3.7,Neiva
Nlounge,673-10-2634,$2421068.70,3,3.0,Cucuta
Meemm,563-09-4331,$2310442.89,3,2.5,Cali
Yacero,658-79-0193,$6536722.46,5,1.8,Pereira
Oloo,585-29-5425,$7064347.48,2,1.1,Mocoa
Photobean,883-99-6366,$9572675.22,2,2.3,Yopal
Jaxbean,886-74-4810,$1793393.06,5,4.8,Mompos
Gabtune,510-05-2863,$4327157.06,1,1.0,Popayan
Tagcat,118-76-8192,$2347329.90,1,2.5,Mompos
